elapsed_s,timestamp_ms,cpu_percent,rss_mb
0.008,1788410097122,21.3,43.125
0.268,1788410097383,309.9,214.766
0.527,1788410097641,330.3,306.781
0.787,1788410097901,349.5,327.156
1.047,1788410098162,356.8,334.312
1.306,1788410098420,356.2,335.297
1.565,1788410098679,346.7,337.312
1.820,1788410098934,350.9,337.344
2.079,1788410099194,352.6,337.344
2.339,1788410099453,348.0,337.359
2.597,1788410099712,338.5,337.359
2.855,1788410099969,347.5,337.375
3.114,1788410100228,358.8,337.391
3.373,1788410100487,360.9,337.391
3.632,1788410100746,360.6,337.391
3.889,1788410101004,353.6,337.406
4.146,1788410101260,360.6,337.422
4.404,1788410101518,367.7,337.438
4.663,1788410101777,362.3,337.484
4.922,1788410102036,354.5,337.484
5.181,1788410102295,357.5,337.469
5.440,1788410102554,355.5,337.469
5.699,1788410102813,350.4,337.422
5.956,1788410103070,344.3,337.438
6.215,1788410103329,349.6,337.438
6.475,1788410103589,352.6,337.438
6.730,1788410103845,347.5,337.438
6.988,1788410104102,348.0,337.438
7.246,1788410104360,344.9,337.453
7.502,1788410104616,345.3,337.469
7.762,1788410104876,348.2,337.469
8.022,1788410105136,340.8,337.469
8.282,1788410105397,350.5,337.484
8.539,1788410105653,357.2,337.484
8.796,1788410105911,353.0,337.484
9.055,1788410106169,357.7,337.484
9.313,1788410106427,356.2,337.484
9.571,1788410106685,356.3,337.484
9.830,1788410106945,351.2,337.484
10.088,1788410107202,349.7,337.484
10.346,1788410107460,352.6,337.484
10.605,1788410107719,209.1,337.484
10.863,1788410107977,117.0,337.484
11.121,1788410108235,62.4,337.484
11.379,1788410108493,53.2,337.484
11.637,1788410108752,49.5,337.484
11.896,1788410109010,54.5,337.484
12.154,1788410109268,49.3,337.484
12.412,1788410109527,46.6,337.484
12.671,1788410109785,49.4,337.484
12.929,1788410110043,58.4,337.484
13.187,1788410110301,55.1,337.484
13.446,1788410110560,52.9,337.484
13.704,1788410110818,52.3,337.484
13.962,1788410111076,46.4,337.484
14.220,1788410111335,52.8,337.484
14.479,1788410111593,50.2,337.484
14.738,1788410111852,48.1,337.484
14.996,1788410112110,59.1,337.484
15.254,1788410112368,55.4,337.484
15.513,1788410112627,45.5,337.500
15.772,1788410112886,46.0,337.500
16.030,1788410113144,46.6,337.500
16.288,1788410113402,53.3,337.500
16.546,1788410113660,48.5,337.500
16.804,1788410113918,49.2,337.516
17.062,1788410114177,51.1,337.531
17.321,1788410114435,60.2,337.531
17.579,1788410114693,56.3,337.531
17.838,1788410114952,53.8,337.531
18.096,1788410115210,46.0,337.531
18.354,1788410115468,46.5,337.531
18.612,1788410115726,51.9,337.531
18.871,1788410115986,53.4,337.547
19.130,1788410116244,54.4,337.547
19.390,1788410116504,49.4,337.547
19.662,1788410116776,64.0,320.062
19.919,1788410117033,79.7,318.688
20.178,1788410117292,60.3,318.688
20.436,1788410117550,52.8,318.688
20.696,1788410117810,60.6,318.688
20.954,1788410118068,52.8,318.688
21.212,1788410118326,52.6,318.688
21.470,1788410118584,53.4,318.688
21.728,1788410118843,58.2,318.688
21.987,1788410119101,53.7,318.688
22.245,1788410119359,51.6,318.688
22.503,1788410119618,58.9,318.688
22.761,1788410119875,53.7,318.688
23.020,1788410120134,45.5,318.688
23.278,1788410120392,45.6,318.688
23.536,1788410120651,51.3,318.688
23.795,1788410120909,49.8,318.688
24.053,1788410121167,53.6,318.688
24.312,1788410121426,52.2,318.688
24.570,1788410121684,53.1,318.688
24.829,1788410121943,54.9,318.688
25.087,1788410122201,45.6,318.688
25.341,1788410122455,46.1,318.750
25.599,1788410122713,52.2,318.750
25.857,1788410122971,47.8,318.750
26.115,1788410123230,52.6,318.750
26.374,1788410123488,54.4,318.750
26.632,1788410123746,49.5,318.750
26.890,1788410124004,51.6,318.766
27.148,1788410124262,51.4,318.766
27.406,1788410124520,55.7,318.766
27.665,1788410124779,54.6,318.766
27.923,1788410125037,46.6,318.797
28.181,1788410125296,46.5,318.797
28.439,1788410125554,47.4,318.797
28.697,1788410125811,53.9,318.797
28.955,1788410126069,48.7,318.797
29.213,1788410126327,51.4,318.797
29.471,1788410126585,51.8,318.797
29.729,1788410126843,60.9,318.797
29.987,1788410127101,55.0,318.797
30.245,1788410127360,52.4,318.797
30.504,1788410127618,58.2,318.766
30.758,1788410127872,53.5,318.766
31.017,1788410128131,46.7,318.766
31.275,1788410128389,49.5,318.766
31.534,1788410128648,54.3,318.766
31.792,1788410128906,50.4,318.781
32.050,1788410129164,54.6,318.781
32.308,1788410129422,61.4,318.781
32.566,1788410129680,55.0,318.781
32.824,1788410129938,47.2,318.781
33.082,1788410130196,46.5,318.781
33.340,1788410130454,52.4,318.781
33.598,1788410130712,50.0,318.781
33.856,1788410130970,53.6,318.781
34.114,1788410131228,57.0,318.781
34.371,1788410131485,53.5,318.781
34.629,1788410131743,53.8,318.797
34.888,1788410132002,45.9,318.797
35.147,1788410132261,52.1,318.797
35.405,1788410132519,48.5,318.797
35.663,1788410132777,47.1,318.797
35.921,1788410133035,47.1,318.797
36.179,1788410133293,58.5,318.797
36.437,1788410133551,53.2,318.797
36.695,1788410133810,53.8,318.812
36.954,1788410134068,53.5,318.812
37.212,1788410134326,53.8,318.812
37.470,1788410134584,57.1,318.812
37.729,1788410134843,46.5,318.812
37.987,1788410135101,50.3,318.812
38.246,1788410135360,55.7,318.812
38.504,1788410135618,47.4,318.812
38.762,1788410135876,47.8,318.812
39.020,1788410136134,52.4,318.812
39.278,1788410136393,47.7,318.812
39.537,1788410136651,49.7,318.812
39.796,1788410136910,52.2,318.812
40.054,1788410137168,57.1,318.812
40.312,1788410137426,54.1,318.812
